Date,Open,High,Low,Close,Adj Close,Volume
1/2/2018,24.07,24.57,23.85,24.51,24.51,15297200
1/3/2018,24.559999,24.68,24.07,24.450001,24.450001,12832600
1/4/2018,24.5,24.59,23.690001,23.99,23.99,17653500
1/5/2018,24.07,24.57,23.879999,24.32,24.32,14953200
1/8/2018,24.370001,24.780001,23.879999,24.59,24.59,17831300
1/9/2018,24.629999,24.709999,24.07,24.17,24.17,12587100
1/10/2018,24,24.42,23.76,24.25,24.25,10420700
1/11/2018,24.299999,24.370001,23.9,24.35,24.35,11670400
1/12/2018,24.940001,25.85,24.93,25.41,25.41,37046100
1/16/2018,25.58,25.709999,24.51,24.66,24.66,32340700
1/17/2018,24.84,24.950001,24.219999,24.559999,24.559999,17026700
1/18/2018,24.5,24.52,23.719999,24.040001,24.040001,21118500
1/19/2018,24.120001,24.219999,23.5,23.66,23.66,17529700
1/22/2018,23.17,23.5,22.860001,23.32,23.32,23010600
1/23/2018,22.51,23.17,22.41,22.75,22.75,35321200
1/24/2018,22.84,23.049999,22.1,22.370001,22.370001,23186500
1/25/2018,22.5,22.68,22.040001,22.16,22.16,15501700
1/26/2018,22.389999,24.35,22.299999,24.27,24.27,49683900
1/29/2018,24.4,25.549999,24.1,25.18,25.18,52739600
1/30/2018,24.83,26.4,24.549999,25.620001,25.620001,52388100
1/31/2018,25.610001,26.65,25.139999,25.809999,25.809999,40451900
2/1/2018,25.52,27.33,25.440001,27.139999,27.139999,47582600
2/2/2018,26.559999,27.030001,25.700001,25.92,25.92,32492100
2/5/2018,25.370001,26.639999,24.1,25.129999,25.129999,33918400
2/6/2018,24.59,25.58,24.200001,25.24,25.24,26646500
2/7/2018,25.83,27.08,25.76,26.91,26.91,48909300
2/8/2018,34.150002,35,29.709999,30.18,30.18,162434400
2/9/2018,30.370001,31.809999,29.68,31.51,31.51,67181200
2/12/2018,31.440001,31.9,30.860001,30.950001,30.950001,37001000
2/13/2018,30.67,33.650002,30.639999,33.439999,33.439999,57653000
2/14/2018,32.849998,33.98,32.549999,33.75,33.75,39339200
2/15/2018,34.029999,34.380001,33.060001,33.610001,33.610001,32020500
2/16/2018,33.369999,33.5,32.68,33.060001,33.060001,27627000
2/20/2018,32.880001,33.57,32.68,32.84,32.84,22766700
2/21/2018,33.029999,34.060001,32.650002,33.380001,33.380001,29589300
2/22/2018,33.43,33.450001,31.629999,32.110001,32.110001,29184100
2/23/2018,32.200001,32.689999,31.969999,32.66,32.66,17283400
2/26/2018,32.700001,32.700001,31.959999,32.16,32.16,15766300
2/27/2018,31.91,32.209999,31.26,31.32,31.32,16544000
2/28/2018,31.5,32.849998,31.469999,31.860001,31.860001,24180100
3/1/2018,31.950001,32.560001,31.26,32.240002,32.240002,25032500
3/2/2018,31.93,33.029999,31.49,33,33,24918900
3/5/2018,32.900002,34.950001,32.580002,34.580002,34.580002,34840000
3/6/2018,34.580002,34.950001,33.860001,34.43,34.43,22641000
3/7/2018,33.990002,35.82,33.990002,35.759998,35.759998,33656100
3/8/2018,35.419998,35.84,34.68,34.849998,34.849998,24845300
3/9/2018,35.200001,35.5,34.939999,35.349998,35.349998,19119500
3/12/2018,35.529999,35.73,34.830002,35.5,35.5,21078900
3/13/2018,35.400002,35.529999,33.900002,34.110001,34.110001,22096900
3/14/2018,34.299999,36.799999,34.09,36.599998,36.599998,41632800
3/15/2018,36.41,36.48,35.400002,35.799999,35.799999,20921800
3/16/2018,36,36.200001,35.52,35.580002,35.580002,13833800
3/19/2018,35.130001,35.740002,34.41,34.98,34.98,22194800
3/20/2018,34.919998,34.950001,30.610001,31.35,31.35,82937600
3/21/2018,32.189999,33.150002,32.049999,32.73,32.73,43672100
3/22/2018,31.77,32.130001,31.18,31.200001,31.200001,29561900
3/23/2018,31.26,32,30.790001,31.030001,31.030001,24878100
3/26/2018,31.690001,32.470001,30.700001,31.91,31.91,25546300
3/27/2018,31.85,31.9,27.879999,28.07,28.07,80415500
3/28/2018,27.780001,29.110001,27.389999,28.450001,28.450001,47853600
3/29/2018,28.76,29.33,27.9,29.01,29.01,36828400
4/2/2018,28.370001,28.77,27.75,28.040001,28.040001,24353100
4/3/2018,28.360001,28.870001,27.219999,27.540001,27.540001,26071700
4/4/2018,26.85,28.34,26.6,28.25,28.25,22002000
4/5/2018,28.51,29.33,28.1,28.639999,28.639999,24407300
4/6/2018,28.280001,29.059999,27.969999,28.1,28.1,15318000
4/9/2018,28.1,28.790001,28,28.01,28.01,13973200
4/10/2018,28.360001,30.299999,28.280001,29.530001,29.530001,28667400
4/11/2018,29.459999,29.83,28.73,29.389999,29.389999,25287900
4/12/2018,29.889999,29.9,28.780001,29,29,17327000
4/13/2018,29.24,29.459999,28.43,28.76,28.76,12712600
4/16/2018,28.85,28.950001,28.360001,28.58,28.58,11505300
4/17/2018,29.450001,32.060001,29.43,31.84,31.84,46696000
4/18/2018,31.67,32.060001,31.07,31.540001,31.540001,25140000
4/19/2018,31.370001,32.279999,30.959999,31.540001,31.540001,22640100
4/20/2018,32.650002,33.119999,31.65,31.91,31.91,34819700
4/23/2018,32.509998,32.619999,30.85,31.219999,31.219999,29411000
4/24/2018,31.18,31.639999,29.629999,30.469999,30.469999,41265300
4/25/2018,31.35,32,28.139999,29.75,29.75,93090400
4/26/2018,30.35,31.42,30.120001,30.27,30.27,43784200
4/27/2018,30.17,30.32,28.59,29,29,37420100
4/30/2018,28.620001,30.75,28.43,30.309999,30.309999,41760200
5/1/2018,30.209999,31.059999,29.6,30.299999,30.299999,30679200
5/2/2018,30,31.219999,29.950001,30.549999,30.549999,22481700
5/3/2018,30.209999,31.02,29.969999,30.67,30.67,19813500
5/4/2018,30.219999,31.360001,29.85,31.040001,31.040001,21035200
5/7/2018,31.059999,31.84,30.879999,31.33,31.33,18517500
5/8/2018,31.200001,32.09,31.030001,31.85,31.85,19581200
5/9/2018,32.07,32.790001,31.940001,32.459999,32.459999,20726500
5/10/2018,32.709999,33.779999,32.580002,32.869999,32.869999,20723500
5/11/2018,32.939999,33.099998,32.25,32.75,32.75,14482600
5/14/2018,33.07,33.580002,32.93,33.389999,33.389999,18007000
5/15/2018,33.169998,33.169998,32.360001,32.75,32.75,15840800
5/16/2018,32.75,33.220001,32.669998,32.77,32.77,10868700
5/17/2018,32.779999,33.02,32.279999,32.580002,32.580002,10760200
5/18/2018,32.549999,32.970001,32.209999,32.630001,32.630001,10618900
5/21/2018,33.02,34.029999,32.900002,33.630001,33.630001,21328400
5/22/2018,33.779999,33.810001,32.830002,32.860001,32.860001,15003200
5/23/2018,32.700001,33.43,32.599998,33.419998,33.419998,13442700
5/24/2018,33.439999,33.759998,33.119999,33.52,33.52,14491900
5/25/2018,33.540001,33.990002,33.310001,33.630001,33.630001,10424400
5/29/2018,33.419998,34.830002,33.349998,34.040001,34.040001,22086700
5/30/2018,34.200001,34.66,34.080002,34.360001,34.360001,14588200
5/31/2018,34.389999,34.970001,34.25,34.700001,34.700001,14433200
6/1/2018,35.139999,36.689999,35.09,36.650002,36.650002,29583100
6/4/2018,36.450001,37.98,35.950001,37.880001,37.880001,32632800
6/5/2018,39.529999,40.16,39.189999,39.799999,39.799999,66122200
6/6/2018,39.419998,40.23,39.209999,40.099998,40.099998,147805700
6/7/2018,40.139999,40.16,38.639999,39.700001,39.700001,41573400
6/8/2018,39.490002,41.259998,39.419998,41.209999,41.209999,34538900
6/11/2018,41.419998,41.689999,40.66,41.419998,41.419998,24605300
6/12/2018,42.470001,44.330002,42.41,43.490002,43.490002,51155000
6/13/2018,44.240002,44.549999,43.419998,44.07,44.07,35169200
6/14/2018,44.549999,46.799999,44.5,46.759998,46.759998,50949100
6/15/2018,46.619999,47.790001,45.639999,45.799999,45.799999,51489600
6/18/2018,45.34,46.259998,44.5,46,46,26025600
6/19/2018,45.189999,45.709999,43.57,44.950001,44.950001,39252000
6/20/2018,45.560001,46.919998,45.439999,46.130001,46.130001,31230200
6/21/2018,46.360001,46.869999,44.200001,45.240002,45.240002,32200300
6/22/2018,45.580002,46.009998,44.5,45.880001,45.880001,28628900
6/25/2018,45.470001,45.52,43.330002,44.169998,44.169998,31379300
6/26/2018,44.360001,45.32,43.509998,44.84,44.84,20194100
6/27/2018,45.5,46.220001,43.68,43.700001,43.700001,25875500
6/28/2018,43.650002,44.84,42.490002,44.790001,44.790001,18911200
6/29/2018,45.049999,45.200001,43.560001,43.669998,43.669998,24392900
7/2/2018,43.060001,45,42.75,44.98,44.98,16703600
7/3/2018,45.360001,45.48,43.799999,43.889999,43.889999,14237500
7/5/2018,44.07,45.110001,43.549999,45.060001,45.060001,16172000
7/6/2018,44.91,46.75,44.610001,46.650002,46.650002,23740700
7/9/2018,46.740002,46.900002,42.080002,44.139999,44.139999,107582400
7/10/2018,44.200001,45.259998,43.630001,43.75,43.75,38467400
7/11/2018,42.630001,44.099998,42.220001,43.869999,43.869999,35100100
7/12/2018,44.799999,45.34,44.360001,45.259998,45.259998,27078500
7/13/2018,45.279999,45.32,43.93,44.490002,44.490002,16426700
7/16/2018,44.299999,44.73,43.91,44.259998,44.259998,13012800
7/17/2018,43.59,45.259998,43.150002,44.709999,44.709999,20122300
7/18/2018,44.189999,44.75,42.740002,43.34,43.34,26536800
7/19/2018,43.27,43.869999,43.110001,43.439999,43.439999,13366800
7/20/2018,43.5,44.130001,43.23,43.419998,43.419998,10437700
7/23/2018,43.450001,43.849998,42.400002,43.310001,43.310001,15251200
7/24/2018,43.77,43.799999,41.59,42.169998,42.169998,22433900
7/25/2018,42.349998,44.389999,42.349998,44.220001,44.220001,25140700
7/26/2018,42.869999,43.41,42.139999,42.939999,42.939999,30018700
7/27/2018,37.25,37.470001,33.900002,34.119999,34.119999,122752800
7/30/2018,34.169998,34.259998,31.07,31.379999,31.379999,77852400
7/31/2018,31.950001,32.48,31.07,31.870001,31.870001,64392200
8/1/2018,32.25,32.59,31.459999,31.91,31.91,33231700
8/2/2018,31.58,32.869999,31.34,32.82,32.82,27088000
8/3/2018,32.580002,32.990002,31.799999,31.959999,31.959999,26317000
8/6/2018,31.82,33.040001,31.450001,32.98,32.98,27512400
8/7/2018,33.099998,33.610001,32.549999,32.669998,32.669998,24635600
8/8/2018,32.75,32.779999,31.809999,31.84,31.84,22539400
8/9/2018,31.85,32.380001,31.610001,31.959999,31.959999,17662100
8/10/2018,31.65,32.25,31.469999,32.009998,32.009998,16073900
8/13/2018,32.040001,33.619999,32.02,32.799999,32.799999,44235300
8/14/2018,33.400002,33.43,32.52,33.189999,33.189999,26442600
8/15/2018,32.810001,33.23,31.950001,32.380001,32.380001,26433400
8/16/2018,32.700001,33.150002,32.419998,32.830002,32.830002,20873200
8/17/2018,32.740002,33.09,32.34,32.73,32.73,14874600
8/20/2018,32.790001,32.939999,32.200001,32.599998,32.599998,16535700
8/21/2018,32.75,34.139999,32.599998,33.689999,33.689999,29575700
8/22/2018,33.450001,34.169998,33.349998,33.810001,33.810001,18576300
8/23/2018,33.900002,34.740002,33.720001,33.880001,33.880001,25746300
8/24/2018,34,34.490002,33.93,34.279999,34.279999,15214000
8/27/2018,34.66,36,34.48,35.889999,35.889999,28306300
8/28/2018,35.98,36.040001,34.889999,35.490002,35.490002,22281600
8/29/2018,35.41,35.599998,34.810001,35.349998,35.349998,17697200
8/30/2018,35.27,36.150002,35.209999,35.639999,35.639999,19217200
8/31/2018,35.57,35.720001,34.59,35.18,35.18,19073900
9/4/2018,34.75,35.130001,34.48,34.84,34.84,13567600
9/5/2018,34.650002,34.700001,32.509998,32.73,32.73,36051100
9/6/2018,32.860001,32.950001,30.620001,30.809999,30.809999,36023600
9/7/2018,30.309999,31.389999,29.82,30.49,30.49,31484200
9/10/2018,30.5,30.6,29.950001,30.540001,30.540001,17805800
9/11/2018,30.440001,31.440001,30.35,30.889999,30.889999,16000100
9/12/2018,30.610001,30.83,29.25,29.75,29.75,29845200
9/13/2018,30.1,30.57,29.860001,30.389999,30.389999,18522500
9/14/2018,30.450001,30.77,30.059999,30.120001,30.120001,13474700
9/17/2018,29.049999,29.280001,28.43,28.860001,28.860001,30592300
9/18/2018,28.84,29.629999,28.75,29.219999,29.219999,15856800
9/19/2018,29.15,29.559999,28.82,29.52,29.52,16023500
9/20/2018,29.700001,30.02,29.24,29.85,29.85,15378000
9/21/2018,29.860001,29.950001,28.49,28.5,28.5,43122600
9/24/2018,28.33,29.120001,27.93,28.6,28.6,20249000
9/25/2018,28.75,29.24,28.440001,29.110001,29.110001,16130300
9/26/2018,29.200001,29.450001,28.799999,29.01,29.01,12742100
9/27/2018,29.059999,29.690001,28.879999,29.42,29.42,14830500
9/28/2018,29.25,29.280001,28.41,28.459999,28.459999,22719600
10/1/2018,28.51,28.700001,28,28.309999,28.309999,20538900
10/2/2018,28.139999,28.620001,27.91,28.190001,28.190001,17714400
10/3/2018,28.379999,29.120001,28.25,29.01,29.01,19358700
10/4/2018,28.75,28.76,27.870001,28.23,28.23,21120400
10/5/2018,28.34,28.959999,27.969999,28.389999,28.389999,28996100
10/8/2018,28.209999,28.940001,27.719999,28.450001,28.450001,22114400
10/9/2018,28.700001,29.57,28.34,29.27,29.27,22749300
10/10/2018,29.120001,29.120001,26.76,26.790001,26.790001,40399400
10/11/2018,26.35,27.58,26.190001,27,27,33065300
10/12/2018,28.09,28.17,27.26,27.99,27.99,27127500
10/15/2018,27.85,29.049999,27.59,28.610001,28.610001,20225200
10/16/2018,29.1,29.889999,28.84,29.870001,29.870001,18443000
10/17/2018,29.950001,30.139999,28.959999,29.549999,29.549999,19379400
10/18/2018,29.4,30.24,28.98,29.290001,29.290001,24174300
10/19/2018,29.33,29.790001,28.68,28.83,28.83,20112900
10/22/2018,29.049999,29.280001,28.309999,29.18,29.18,21719400
10/23/2018,28.48,29.02,28.07,28.77,28.77,26503600
10/24/2018,28.85,29.77,27.309999,27.540001,27.540001,37910200
10/25/2018,31.32,33.669998,30.76,31.799999,31.799999,79251000
10/26/2018,31.200001,33.139999,30.940001,32.360001,32.360001,47747000
10/29/2018,32.459999,33.75,31.620001,32.389999,32.389999,40899900
10/30/2018,31.77,34.549999,31.299999,33.860001,33.860001,43678200
10/31/2018,34.369999,35.639999,34.349998,34.75,34.75,33063700
11/1/2018,34.599998,34.91,33.82,34.619999,34.619999,27498000
11/2/2018,34.869999,35.349998,33.849998,34.299999,34.299999,23994800
11/5/2018,34.259998,34.279999,33.369999,34.02,34.02,18214300
11/6/2018,33.959999,34.810001,33.84,34.419998,34.419998,15508300
11/7/2018,34.75,35.119999,34.380001,34.990002,34.990002,16802100
11/8/2018,34.880001,34.990002,33.869999,34.18,34.18,15146400
11/9/2018,33.75,34.419998,33.389999,34.080002,34.080002,16034700
11/12/2018,34,34.099998,31.780001,32.009998,32.009998,18147500
11/13/2018,32.240002,32.849998,31.469999,32.490002,32.490002,17206300
11/14/2018,32.889999,33.849998,32.75,32.91,32.91,19448700
11/15/2018,32.790001,33.360001,32.619999,33.150002,33.150002,16824800
11/16/2018,32.830002,33.919998,32.599998,33.669998,33.669998,17904100
11/19/2018,33.560001,33.599998,31.84,31.98,31.98,15745000
11/20/2018,29.969999,31.74,29.940001,31.059999,31.059999,20927600
11/21/2018,31.67,32.080002,31.1,31.610001,31.610001,16466900
11/23/2018,31.299999,31.959999,31.110001,31.120001,31.120001,5813900
11/26/2018,31.6,32.869999,31.52,32.82,32.82,17096000
11/27/2018,32.439999,33.099998,32.360001,32.610001,32.610001,10727400
11/28/2018,33,33,31.719999,32.73,32.73,19073300
11/29/2018,32.459999,32.540001,29.870001,31.299999,31.299999,50505700
11/30/2018,31.15,31.549999,30.110001,31.450001,31.450001,25833200
12/3/2018,32.240002,33.849998,32.209999,33.66,33.66,24027100
12/4/2018,33.279999,34.16,32.5,32.560001,32.560001,22472000
12/6/2018,32.459999,32.970001,31.110001,32.959999,32.959999,25922800
12/7/2018,32.84,34.369999,32.669998,32.830002,32.830002,29497100
12/10/2018,32.73,33.639999,32.259998,33.43,33.43,19971100
12/11/2018,34.130001,35.75,33.880001,34.450001,34.450001,30118600
12/12/2018,34.970001,37.139999,34.849998,36.25,36.25,32608500
12/13/2018,36.400002,36.490002,35.299999,35.889999,35.889999,22831600
12/14/2018,35.25,36.619999,35.049999,35.869999,35.869999,19528500
12/17/2018,35.68,35.700001,33.200001,33.43,33.43,23880900
12/18/2018,33.630001,34.169998,33.080002,33.740002,33.740002,18885100
12/19/2018,33.709999,34.700001,32.66,32.93,32.93,24784300
12/20/2018,32.59,32.720001,28.51,29.290001,29.290001,51983000
12/21/2018,29.309999,29.76,27.040001,27.309999,27.309999,38714100
12/24/2018,26.549999,27.27,26.26,26.450001,26.450001,18208300
12/26/2018,27,28.700001,26.799999,28.66,28.66,35529600
12/27/2018,28.139999,28.92,27.26,28.68,28.68,31987700
12/28/2018,28.93,29.139999,27.84,28.43,28.43,21820500
12/31/2018,28.6,29.129999,28.34,28.74,28.74,15975000
1/2/2019,28.26,28.99,27.870001,28.809999,28.809999,15053700
1/3/2019,28.379999,29.18,27.940001,27.99,27.99,19051700
1/4/2019,28.389999,30.1,28.309999,29.950001,29.950001,23412600
1/7/2019,30.200001,31.379999,29.77,31.34,31.34,19917800
1/8/2019,31.700001,32.049999,30.91,31.799999,31.799999,18915200
1/9/2019,31.799999,32.400002,31.540001,32.25,32.25,14554400
1/10/2019,33.080002,33.5,32.259998,33.09,33.09,30504500
1/11/2019,32.849998,33.200001,32.43,32.869999,32.869999,17732300
1/14/2019,32.380001,32.75,32.119999,32.369999,32.369999,9523000
1/15/2019,32.509998,33.349998,32.450001,33.02,33.02,13548200
1/16/2019,33.099998,33.299999,32.439999,32.470001,32.470001,10130200
1/17/2019,32.470001,33.09,32.389999,32.849998,32.849998,12059700
1/18/2019,33.049999,33.889999,32.77,33.27,33.27,16776800
1/22/2019,32.970001,33.349998,31.93,32.25,32.25,17780800
1/23/2019,32.259998,32.450001,30.719999,30.969999,30.969999,21084400
1/24/2019,30.940001,31.73,30.91,31.610001,31.610001,12470400
1/25/2019,31.99,33.619999,31.98,32.900002,32.900002,22513700
1/28/2019,32.650002,33.200001,32.119999,33.130001,33.130001,21750800
1/29/2019,33.330002,33.549999,31.459999,31.639999,31.639999,18849800
1/30/2019,32.040001,32.380001,31.42,32.259998,32.259998,17142500
1/31/2019,33.07,33.689999,32.790001,33.560001,33.560001,21211300
2/1/2019,33.560001,34.09,32.959999,33.189999,33.189999,18816600
2/4/2019,33.34,34.18,33.240002,33.939999,33.939999,14244100
2/5/2019,34.290001,34.57,33.919998,34.369999,34.369999,17610200
2/6/2019,35.049999,35.25,33.75,34.16,34.16,34058000
2/7/2019,31.17,31.73,30.309999,30.799999,30.799999,69764100
2/8/2019,30.469999,30.74,29.42,30.01,30.01,40669800
2/11/2019,30.17,30.440001,29.66,30.23,30.23,28838200
2/12/2019,30.440001,30.799999,30.23,30.389999,30.389999,20315300
2/13/2019,30.57,31.84,30.549999,31.120001,31.120001,29683300
2/14/2019,30.860001,31.280001,30.6,30.959999,30.959999,15321100
2/15/2019,31.200001,31.799999,30.969999,31.23,31.23,17591500
2/19/2019,31.23,32.110001,31.15,31.65,31.65,14391700
2/20/2019,31.709999,31.93,31.209999,31.370001,31.370001,16871100
2/21/2019,31.360001,31.48,30.6,30.76,30.76,13944900
2/22/2019,30.809999,31.73,30.809999,31.709999,31.709999,15413400
2/25/2019,31.99,32.709999,31.879999,31.99,31.99,15061300
2/26/2019,31.889999,31.959999,30.99,31.01,31.01,17519100
2/27/2019,30.950001,31,29.9,30.41,30.41,24639100
2/28/2019,30.25,30.790001,30.01,30.780001,30.780001,15242900
3/1/2019,31.17,31.190001,30.280001,30.620001,30.620001,12360700
3/4/2019,30.780001,31.26,30.07,30.5,30.5,15920400
3/5/2019,30.5,31.23,30.389999,31.030001,31.030001,13073500
3/6/2019,30.940001,31.34,30.59,30.799999,30.799999,10938600
3/7/2019,30.76,30.84,30.01,30.120001,30.120001,15779900
3/8/2019,29.639999,30.209999,29.41,30.040001,30.040001,11964300
3/11/2019,30.24,30.91,30.24,30.870001,30.870001,16013200
3/12/2019,31.15,31.41,30.889999,31.16,31.16,12324300
3/13/2019,31.309999,31.48,31.040001,31.299999,31.299999,10201300
3/14/2019,31.280001,31.549999,30.940001,31.030001,31.030001,12090600
3/15/2019,31.040001,31.41,30.709999,31.219999,31.219999,17522700
3/18/2019,31.25,31.58,30.84,31.08,31.08,13172600
3/19/2019,31.15,31.5,30.879999,31.27,31.27,15557400
3/20/2019,31.24,32.650002,31.16,32.57,32.57,22373800
3/21/2019,32.310001,32.689999,32.029999,32.610001,32.610001,13346900
3/22/2019,32.5,34.209999,32.34,33.02,33.02,28034700
3/25/2019,32.830002,33.299999,32.279999,32.59,32.59,15272300
3/26/2019,32.98,33.860001,32.919998,33.060001,33.060001,17252300
3/27/2019,32.93,33.450001,31.950001,32.279999,32.279999,13669400
3/28/2019,32.290001,32.93,31.73,32.869999,32.869999,17711300
3/29/2019,33.099998,33.240002,32.470001,32.880001,32.880001,13529300
4/1/2019,33.16,33.68,32.700001,33.439999,33.439999,12499700
4/2/2019,33.439999,33.889999,33.23,33.75,33.75,11638000
4/3/2019,34,34.759998,33.810001,34.380001,34.380001,18027600
4/4/2019,34.700001,35.139999,33.900002,34.419998,34.419998,14604100
4/5/2019,34.549999,34.799999,34.369999,34.720001,34.720001,9571700
4/8/2019,34.790001,35.060001,34.509998,34.860001,34.860001,10655000
4/9/2019,34.84,35.389999,34.810001,35.139999,35.139999,13889700
4/10/2019,35.259998,35.27,34.509998,34.75,34.75,11648800
4/11/2019,34.75,34.869999,34.41,34.580002,34.580002,10982700
4/12/2019,34.669998,34.830002,34.110001,34.369999,34.369999,12713800
4/15/2019,34.380001,35.029999,34.34,34.709999,34.709999,10248400
4/16/2019,34.84,34.990002,34.23,34.459999,34.459999,9396300
4/17/2019,34.73,34.900002,34.200001,34.48,34.48,9023000
4/18/2019,34.669998,34.860001,34.32,34.400002,34.400002,9806100
4/22/2019,34.400002,34.619999,33.82,34.389999,34.389999,19704300
4/23/2019,36.93,40.529999,36.91,39.77,39.77,104262500
4/24/2019,39.860001,39.950001,38.799999,39.290001,39.290001,30266900
4/25/2019,39.259998,40.130001,38.189999,38.48,38.48,26044800
4/26/2019,38.59,39.34,38.18,38.669998,38.669998,15270500
4/29/2019,38.630001,39.970001,38.630001,39.779999,39.779999,19680000
4/30/2019,39.790001,40.919998,39.650002,39.91,39.91,22912000
5/1/2019,40,40.07,39.259998,39.290001,39.290001,14962600
5/2/2019,39.240002,40,38.84,39.950001,39.950001,13419100
5/3/2019,40.48,40.82,39.959999,40.799999,40.799999,15577100
5/6/2019,39.689999,40.439999,39.450001,40.23,40.23,14517400
5/7/2019,39.900002,40.150002,38.119999,38.619999,38.619999,19283100
5/8/2019,38.450001,39.150002,38.330002,38.580002,38.580002,9168400
5/9/2019,38.110001,39.02,37.82,38.790001,38.790001,10010700
5/10/2019,38.68,39.16,37.860001,38.450001,38.450001,12259000
5/13/2019,37.5,37.639999,36.369999,36.59,36.59,16829700
5/14/2019,37.040001,37.52,36.599998,36.93,36.93,11125100
5/15/2019,36.669998,38.139999,36.639999,37.900002,37.900002,11523100
5/16/2019,38.110001,38.720001,38.049999,38.299999,38.299999,10104400
5/17/2019,37.830002,38.130001,37.470001,37.5,37.5,9090300
5/20/2019,37.119999,37.73,36.919998,37.150002,37.150002,9411900
5/21/2019,37.470001,37.860001,37.330002,37.470001,37.470001,8861400
5/22/2019,37.41,39.32,37.240002,38.580002,38.580002,21105400
5/23/2019,38.150002,38.290001,36.799999,37.189999,37.189999,18398800
5/24/2019,37.470001,37.849998,37.27,37.41,37.41,9303900
5/28/2019,37.41,38.040001,37.23,37.290001,37.290001,11770300
5/29/2019,37.02,37.400002,36.52,36.849998,36.849998,12270300
5/30/2019,37,37.290001,36.599998,37.139999,37.139999,7413100
5/31/2019,36.619999,36.959999,36.299999,36.439999,36.439999,8556100
6/3/2019,36.450001,36.900002,34.040001,34.43,34.43,22217100
6/4/2019,35.18,36.150002,34.970001,36.099998,36.099998,15357100
6/5/2019,36.5,36.709999,35.950001,36.330002,36.330002,12798700
6/6/2019,36.259998,36.75,35.959999,36.59,36.59,8863000
6/7/2019,36.869999,38.310001,36.799999,37.93,37.93,15399700
6/10/2019,38.349998,38.639999,37.619999,37.639999,37.639999,10036400
6/11/2019,38.09,38.259998,36.849998,37.209999,37.209999,9528600
6/12/2019,37.130001,37.619999,37.049999,37.490002,37.490002,6795500
6/13/2019,37.040001,37.040001,35.759998,36.34,36.34,21679400
6/14/2019,36.360001,36.490002,36.040001,36.150002,36.150002,7791100
6/17/2019,36.259998,36.68,36.110001,36.439999,36.439999,7896000
6/18/2019,36.709999,37.509998,36.549999,36.650002,36.650002,12705500
6/19/2019,36.630001,36.68,35.810001,36.290001,36.290001,12059700
6/20/2019,36.349998,36.650002,35.330002,35.439999,35.439999,19676100
6/21/2019,35.5,35.75,34.990002,35.02,35.02,12853600
6/24/2019,35.189999,35.669998,34.82,35.580002,35.580002,9216800
6/25/2019,35.52,35.73,34.57,34.720001,34.720001,11196400
6/26/2019,34.98,35.380001,34.919998,35.220001,35.220001,8744800
6/27/2019,35.439999,35.639999,34.610001,34.75,34.75,12655900
6/28/2019,34.75,34.990002,34.279999,34.900002,34.900002,15505300
7/1/2019,35.5,36.25,35.220001,36.080002,36.080002,14394600
7/2/2019,36.169998,36.599998,35.889999,36.220001,36.220001,8393200
7/3/2019,36.290001,36.389999,35.939999,36.02,36.02,5372600
7/5/2019,36,36.349998,35.599998,36.25,36.25,6084800
7/8/2019,36.040001,36.639999,35.869999,36.450001,36.450001,8058100
7/9/2019,36.349998,37.669998,36.290001,37.650002,37.650002,14218000
7/10/2019,37.900002,38.029999,36.880001,37.470001,37.470001,11831800
7/11/2019,37.66,37.869999,36.970001,37.209999,37.209999,8549500
7/12/2019,37.369999,37.900002,37.169998,37.84,37.84,8048700
7/15/2019,38,38.970001,37.939999,38.68,38.68,12738700
7/16/2019,38.779999,38.790001,37.82,37.990002,37.990002,10979600
7/17/2019,37.860001,38.23,37.560001,37.700001,37.700001,7926600
7/18/2019,37.389999,37.799999,37,37.66,37.66,11119600
7/19/2019,37.959999,38.09,36.73,36.77,36.77,10842400
7/22/2019,36.919998,37.689999,36.830002,37.580002,37.580002,8405600
7/23/2019,37.869999,38.02,36.82,37.900002,37.900002,10741500
7/24/2019,38,38.799999,37.759998,38.73,38.73,12488500
7/25/2019,39,39.23,37.91,38.119999,38.119999,21255400
7/26/2019,40.07,42.330002,40,41.52,41.52,57527600
7/29/2019,41.5,42.220001,40.900002,41.5,41.5,21170600
7/30/2019,41.080002,41.720001,40.82,41,41,15670600
7/31/2019,41.080002,43.240002,41.009998,42.310001,42.310001,29745300
8/1/2019,42.540001,43.48,41.720001,42.080002,42.080002,22883600
8/2/2019,41.82,43.040001,41.59,42.849998,42.849998,20617200
8/5/2019,41.580002,42,39.619999,40.369999,40.369999,23081000
8/6/2019,40.919998,41.639999,40.779999,41.32,41.32,15077900
8/7/2019,40.509998,41.900002,40.330002,41.73,41.73,15427600
8/8/2019,42.110001,42.349998,41.360001,42.07,42.07,14684600
8/9/2019,41.779999,41.970001,40.939999,41.529999,41.529999,11419600
8/12/2019,41.099998,41.48,40.389999,40.48,40.48,6731800
8/13/2019,40.41,41.860001,40.380001,41.810001,41.810001,12429900
8/14/2019,41.029999,41.25,40.389999,40.650002,40.650002,11638700
8/15/2019,40.900002,41.049999,39.779999,40.09,40.09,12583100
8/16/2019,40.299999,40.650002,40.110001,40.580002,40.580002,7998800
8/19/2019,41.099998,41.880001,41.049999,41.700001,41.700001,10276500
8/20/2019,41.639999,42.849998,41.380001,42.290001,42.290001,11342500
8/21/2019,42.830002,43.279999,42.360001,42.799999,42.799999,12018600
8/22/2019,42.849998,43.080002,41.59,42.18,42.18,8277000
8/23/2019,41.82,42.689999,40.810001,41,41,14036200
8/26/2019,41.400002,41.48,41,41.439999,41.439999,6403600
8/27/2019,42.009998,42.689999,41.529999,42.139999,42.139999,16087500
8/28/2019,41.75,42.200001,41.299999,41.68,41.68,10418400
8/29/2019,42.25,42.650002,41.82,42.490002,42.490002,10594400
8/30/2019,42.700001,42.700001,41.900002,42.650002,42.650002,8863600
9/3/2019,42.380001,43.77,41.639999,41.959999,41.959999,16159600
9/4/2019,42.490002,43.400002,42.110001,43.360001,43.360001,11567900
9/5/2019,43.779999,45.330002,43.619999,45.299999,45.299999,19319800
9/6/2019,45.220001,45.68,44.560001,45.419998,45.419998,13108500
9/9/2019,45.599998,45.860001,43.84,44.259998,44.259998,14547400
9/10/2019,43.900002,43.950001,42.509998,43.25,43.25,14040100
9/11/2019,43.549999,43.779999,43.049999,43.25,43.25,7861200
9/12/2019,43.759998,44.110001,43.110001,43.200001,43.200001,8251700
9/13/2019,43.150002,43.200001,42.330002,42.630001,42.630001,8059600
9/16/2019,42.400002,43.07,42.189999,42.759998,42.759998,6187900
9/17/2019,42.900002,43.59,42.880001,43.240002,43.240002,8654400
9/18/2019,43.209999,43.41,42.389999,43.240002,43.240002,7845100
9/19/2019,43.189999,43.580002,42.68,42.93,42.93,7372600
9/20/2019,43.16,43.84,42.939999,43.23,43.23,19372900
9/23/2019,43.290001,44.09,42.849998,43.380001,43.380001,9992400
9/24/2019,43.709999,43.75,41.060001,41.419998,41.419998,16120700
9/25/2019,41.509998,42.779999,41.18,42.5,42.5,9731600
9/26/2019,42.380001,42.490002,41.720001,42.439999,42.439999,5951400
9/27/2019,42.5,42.669998,40.610001,41.349998,41.349998,11933700
9/30/2019,41.459999,41.48,40.82,41.200001,41.200001,7541400
10/1/2019,41.32,41.57,40.029999,40.25,40.25,9278800
10/2/2019,40.119999,40.119999,39.25,39.700001,39.700001,9306300
10/3/2019,39.59,40.16,38.610001,40,40,13421400
10/4/2019,40.360001,40.59,39.830002,40.360001,40.360001,6283700
10/7/2019,40.240002,40.869999,40.060001,40.799999,40.799999,6563700
10/8/2019,40.41,40.48,39.669998,39.700001,39.700001,7304300
10/9/2019,39.990002,40.099998,39.220001,39.5,39.5,8021300
10/10/2019,39.34,39.889999,39.259998,39.540001,39.540001,6718000
10/11/2019,39.889999,40.700001,39.810001,40.360001,40.360001,9198900
10/14/2019,40.32,40.470001,39.470001,39.779999,39.779999,6393600
10/15/2019,39.560001,40.400002,39.349998,40.279999,40.279999,7676700
10/16/2019,40.009998,40.459999,39.599998,39.91,39.91,8324900
10/17/2019,40.119999,40.150002,39.41,39.610001,39.610001,7147100
10/18/2019,39.689999,39.91,38.27,38.990002,38.990002,12582900
10/21/2019,39.349998,40.290001,39.310001,40.09,40.09,9351100
10/22/2019,40.48,40.48,38.779999,38.810001,38.810001,12817700
10/23/2019,38.990002,39.450001,37.759998,38.830002,38.830002,20276200
10/24/2019,31.860001,32.389999,30.51,30.75,30.75,105112500
10/25/2019,30.870001,31.040001,29.92,30.299999,30.299999,43837200
10/28/2019,30.5,30.66,29.75,30.059999,30.059999,29893900
10/29/2019,30,30.360001,29.82,29.85,29.85,20674800
10/30/2019,30.15,30.17,29.719999,29.860001,29.860001,25518700
10/31/2019,29.469999,29.98,28.84,29.969999,29.969999,36865100
11/1/2019,29.959999,30.26,29.41,29.620001,29.620001,22716700
11/4/2019,29.77,30.15,29.610001,30.049999,30.049999,20340200
11/5/2019,30.190001,30.360001,29.709999,29.809999,29.809999,16645900
11/6/2019,29.85,29.9,29.4,29.540001,29.540001,15313800
11/7/2019,29,29.59,28.629999,29.049999,29.049999,22740600
11/8/2019,29.16,29.43,29.049999,29.209999,29.209999,10619500
11/11/2019,29.129999,29.35,28.92,29.34,29.34,9675000
11/12/2019,29.360001,29.5,28.93,29.049999,29.049999,15144200
11/13/2019,29.040001,29.299999,28.93,29.08,29.08,9217700
11/14/2019,29.16,29.370001,28.73,28.889999,28.889999,13684600
11/15/2019,29.049999,29.43,28.91,29.25,29.25,12163300
11/18/2019,29.24,29.74,29.01,29.49,29.49,14493100
11/19/2019,29.620001,29.67,29.18,29.440001,29.440001,9950900
11/20/2019,29.299999,29.48,28.879999,29.17,29.17,14280400
11/21/2019,29.200001,30.49,29.15,29.790001,29.790001,24304400
11/22/2019,29.870001,30.17,29.58,30.030001,30.030001,14188300
11/25/2019,30.129999,30.57,30.049999,30.540001,30.540001,14035700
11/26/2019,30.57,30.99,30.4,30.959999,30.959999,16323900
11/27/2019,31,31.360001,30.93,31.17,31.17,14151900
11/29/2019,31.110001,31.139999,30.780001,30.91,30.91,7814500
12/2/2019,30.91,30.950001,29.969999,30.42,30.42,14524700
12/3/2019,29.940001,30.01,29.48,29.969999,29.969999,16399500
12/4/2019,30.18,30.33,29.91,30,30,9765000
12/5/2019,30.08,30.360001,29.92,30.040001,30.040001,11060800
12/6/2019,30.35,30.469999,29.98,30.190001,30.190001,10869700
12/9/2019,30.120001,30.75,30.120001,30.209999,30.209999,9955100
12/10/2019,30.23,30.26,29.77,29.84,29.84,12362400
12/11/2019,29.950001,30.6,29.860001,30.549999,30.549999,11006200
12/12/2019,30.469999,30.59,29.93,30.299999,30.299999,18912600
12/13/2019,30.24,30.610001,30.24,30.389999,30.389999,12836700
12/16/2019,30.52,31.280001,30.41,30.969999,30.969999,15852100
12/17/2019,31.07,31.209999,30.629999,30.700001,30.700001,11906500
12/18/2019,30.690001,31.91,30.629999,31.68,31.68,19030900
12/19/2019,31.75,32.419998,31.610001,32.029999,32.029999,19880000
12/20/2019,32.119999,32.25,31.540001,32.130001,32.130001,21854600
12/23/2019,32.130001,32.799999,31.99,32.43,32.43,13983300
12/24/2019,32.439999,32.709999,32.419998,32.5,32.5,4290500
12/26/2019,32.59,32.889999,32.419998,32.630001,32.630001,9797300
12/27/2019,32.75,32.84,32.220001,32.549999,32.549999,10409400
12/30/2019,32.490002,32.5,31.82,32.029999,32.029999,9391200
12/31/2019,31.860001,32.32,31.77,32.049999,32.049999,11050600
1/2/2020,32.310001,32.5,31.959999,32.299999,32.299999,10721100
1/3/2020,31.709999,32.099998,31.26,31.52,31.52,14429500
1/6/2020,31.23,31.709999,31.16,31.639999,31.639999,12582500
1/7/2020,31.799999,32.700001,31.719999,32.540001,32.540001,13712900
1/8/2020,32.349998,33.400002,32.349998,33.049999,33.049999,14632400
1/9/2020,33.529999,33.540001,33,33.220001,33.220001,10865500
1/10/2020,32.860001,33.009998,32.459999,32.779999,32.779999,11148900
1/13/2020,32.970001,33.07,32.490002,32.689999,32.689999,11001300
1/14/2020,32.689999,33.119999,32.639999,32.82,32.82,9814200
1/15/2020,32.990002,33.509998,32.950001,33.23,33.23,11262300
1/16/2020,33.5,34.27,33.029999,34.189999,34.189999,19919900
1/17/2020,33.82,34.389999,33.580002,34.220001,34.220001,19303500
1/21/2020,34.080002,34.389999,33.869999,34.09,34.09,17055600
1/22/2020,34.290001,34.540001,33.959999,34.02,34.02,12851800
1/23/2020,33.990002,34.360001,33.720001,33.889999,33.889999,14887200
1/24/2020,34.110001,34.110001,32.970001,33.189999,33.189999,12336600
1/27/2020,32.310001,32.93,32.150002,32.779999,32.779999,11800800
1/28/2020,33.060001,33.66,32.849998,33.419998,33.419998,9739400
1/29/2020,33.59,33.880001,33.290001,33.630001,33.630001,7563700
1/30/2020,32.860001,33.23,32.389999,33.220001,33.220001,12083800
1/31/2020,33.110001,33.139999,32.080002,32.48,32.48,12033100
2/3/2020,32.560001,33.240002,32.450001,33.07,33.07,14190900
2/4/2020,33.75,34.119999,33.400002,33.959999,33.959999,14598200
2/5/2020,34,34.16,33.189999,33.389999,33.389999,20468200
2/6/2020,36.529999,39.639999,36.419998,38.41,38.41,87659700
2/7/2020,37.630001,38.150002,36.84,37.029999,37.029999,31135100
2/10/2020,36.630001,36.849998,35.650002,35.959999,35.959999,34860300
2/11/2020,36.119999,36.279999,35.529999,35.650002,35.650002,14464700
2/12/2020,36.189999,37.02,36.169998,36.790001,36.790001,20716400
2/13/2020,36.43,37.32,36.209999,37.16,37.16,19621400
2/14/2020,37,37.349998,36.580002,36.91,36.91,12210400
2/18/2020,36.779999,38.07,36.68,38.060001,38.060001,16793600
2/19/2020,38.09,38.91,37.939999,38.77,38.77,19068600
2/20/2020,38.759998,39.060001,37.959999,39.049999,39.049999,17273400
2/21/2020,38.669998,38.759998,38.040001,38.310001,38.310001,15312000
2/24/2020,36.5,36.59,35.299999,35.889999,35.889999,25155400
2/25/2020,36.18,36.450001,34.889999,35.209999,35.209999,19841300
2/26/2020,35.279999,35.82,34.439999,34.630001,34.630001,18044300
2/27/2020,33.73,34.200001,32.470001,33.009998,33.009998,27234100
2/28/2020,31.860001,33.369999,31.51,33.200001,33.200001,33478200
3/2/2020,36,36.860001,35.139999,35.82,35.82,39914700
3/3/2020,36.02,36.48,34.41,34.93,34.93,22973100
3/4/2020,35.759998,36,34.77,36,36,14980300
3/5/2020,35.029999,35.73,34.52,34.970001,34.970001,14132200
3/6/2020,33.810001,33.990002,32.509998,33.459999,33.459999,20361100
3/9/2020,31.809999,35.360001,30.620001,32.459999,32.459999,41767600
3/10/2020,33.900002,34.779999,33.119999,34.310001,34.310001,27327600
3/11/2020,33.299999,33.459999,30.01,31.299999,31.299999,27445400
3/12/2020,29.08,29.690001,26.700001,26.780001,26.780001,32519500
3/13/2020,28.83,29.41,26.4,29.290001,29.290001,29059100
3/16/2020,26.120001,28.35,23.92,24.040001,24.040001,28768100
3/17/2020,24.379999,25.84,23.18,24.48,24.48,28741700
3/18/2020,22.950001,23.49,20,22,22,31012700
3/19/2020,22.110001,25.17,20.66,24.129999,24.129999,29980000
3/20/2020,24.969999,25.860001,23.700001,23.950001,23.950001,28250700
3/23/2020,23.799999,25.25,23.5,24.690001,24.690001,21882600
3/24/2020,25.790001,26.459999,24.129999,25.85,25.85,32815900
3/25/2020,25.85,27.459999,24.52,25.969999,25.969999,25738800
3/26/2020,26.15,27.030001,25.629999,26.41,26.41,20435300
3/27/2020,25.559999,25.83,24.76,25.290001,25.290001,22069300
3/30/2020,25.25,25.940001,24.6,25.59,25.59,20720800
3/31/2020,25.790001,26.33,24.4,24.559999,24.559999,24993400
4/1/2020,23.700001,24.389999,23.049999,23.32,23.32,20027000
4/2/2020,23,23.58,22.360001,23.02,23.02,17114800
4/3/2020,24.1,24.32,22.75,23.09,23.09,25029700
4/6/2020,24.1,25.049999,23.790001,24.93,24.93,26014900
4/7/2020,25.969999,26.860001,25.309999,25.610001,25.610001,25831100
4/8/2020,26.790001,28.459999,25.92,27.860001,27.860001,31240800
4/9/2020,28.48,29.049999,27.280001,27.77,27.77,22233200
4/13/2020,27.549999,27.620001,26.24,27.209999,27.209999,15059900
4/14/2020,28,28.41,27.6,27.940001,27.940001,13766200
4/15/2020,27.1,27.639999,26.75,27.51,27.51,15822200
4/16/2020,26.860001,27.17,25.959999,26.549999,26.549999,21946600
4/17/2020,27.16,27.92,26.469999,26.700001,26.700001,21129500
4/20/2020,26.309999,27.530001,26.110001,27.01,27.01,16755400
4/21/2020,26.389999,26.719999,25.059999,25.75,25.75,28093700
4/22/2020,27,28.5,26.450001,28.440001,28.440001,28558000
4/23/2020,28.43,28.84,27.73,27.860001,27.860001,19019600
4/24/2020,27.99,28.84,27.459999,28.74,28.74,15923400
4/27/2020,29.129999,30.389999,29.129999,30,30,22490600
4/28/2020,30.4,30.450001,28.57,28.790001,28.790001,23364000
4/29/2020,30.059999,31.5,29.620001,31.09,31.09,29568800
4/30/2020,28.790001,30.57,28.09,28.68,28.68,68959100
5/1/2020,28,28.450001,27.190001,27.84,27.84,28231100
5/4/2020,27.6,28.42,27.389999,28.23,28.23,17846300
5/5/2020,28.67,28.73,27.9,28.07,28.07,19221900
5/6/2020,28.35,28.42,27.549999,27.68,27.68,15531000
5/7/2020,28.08,28.780001,27.940001,28.77,28.77,16190500
5/8/2020,29.09,29.969999,28.74,29.93,29.93,19190300
5/11/2020,29.65,30.08,29.33,29.690001,29.690001,13839800
5/12/2020,29.85,29.93,29.09,29.15,29.15,13734500
5/13/2020,29.24,29.68,27.58,28.129999,28.129999,19401700
5/14/2020,27.83,28.58,27.120001,28.559999,28.559999,12364700
5/15/2020,28.299999,29.25,28.110001,29,29,15939200
5/18/2020,29.700001,30.290001,29.559999,29.639999,29.639999,15772400
5/19/2020,29.700001,30.35,29.33,29.879999,29.879999,17386200
5/20/2020,30.5,32.349998,30.450001,32.23,32.23,26955500
5/21/2020,32.099998,32.610001,31.389999,32.34,32.34,22881700
5/22/2020,32.380001,32.77,31.780001,32.619999,32.619999,13310700
5/26/2020,33.599998,34.27,33.360001,34.009998,34.009998,20489300
5/27/2020,33.630001,34,32.240002,33.07,33.07,24550900
5/28/2020,31.5,32.68,31.32,31.6,31.6,37254900
5/29/2020,31.559999,31.610001,30.290001,30.969999,30.969999,39413300
6/1/2020,31.059999,32.099998,30.84,31.889999,31.889999,14583600
6/2/2020,32.189999,32.419998,31.610001,32.259998,32.259998,15318400
6/3/2020,32.610001,35.040001,32.439999,34.880001,34.880001,28396300
6/4/2020,34.5,34.939999,33.34,33.720001,33.720001,20265100
6/5/2020,34.470001,35.970001,34.470001,34.869999,34.869999,23211500
6/8/2020,35.959999,36.939999,35.75,36.639999,36.639999,20211900
6/9/2020,35.990002,36.200001,35.16,35.919998,35.919998,17840700
6/10/2020,36.119999,36.439999,34.900002,35.139999,35.139999,17480700
6/11/2020,33.130001,34.450001,32.720001,33.029999,33.029999,23727900
6/12/2020,33.939999,34.169998,32.470001,33.400002,33.400002,14709400
6/15/2020,32.91,34.189999,32.84,34.110001,34.110001,19342200
6/16/2020,35.139999,35.459999,34.209999,34.630001,34.630001,20132400
6/17/2020,34.490002,34.82,34.099998,34.34,34.34,12266100
6/18/2020,34.299999,34.450001,33.860001,34.029999,34.029999,10543600
6/19/2020,34.639999,34.950001,33.400002,33.41,33.41,19345500
6/22/2020,33.57,33.639999,32.950001,33.470001,33.470001,12896600
6/23/2020,33.75,33.799999,32.73,32.91,32.91,20549300
6/24/2020,32.529999,33.060001,31.34,31.73,31.73,16586800
6/25/2020,31.540001,31.610001,30.82,31.370001,31.370001,17802600
6/26/2020,31.120001,31.32,28.75,29.049999,29.049999,56913600
6/29/2020,28.51,30.040001,28.23,29.49,29.49,27482800
6/30/2020,29.629999,29.82,29.02,29.790001,29.790001,20648000
7/1/2020,30.15,31.17,30.059999,30.809999,30.809999,20779000
7/2/2020,31.299999,31.4,30.4,30.870001,30.870001,14553700
7/6/2020,31.549999,32.810001,31.16,32.34,32.34,22400000
7/7/2020,31.959999,33.669998,31.77,32.990002,32.990002,27940900
7/8/2020,33.200001,36.98,32.73,35.41,35.41,109654700
7/9/2020,35.880001,36.18,34.810001,35.720001,35.720001,34648800
7/10/2020,35.459999,35.759998,34.860001,35.400002,35.400002,15238700
7/13/2020,35.720001,36.209999,33.759998,33.82,33.82,22480600
7/14/2020,33.529999,34.66,33.439999,34.380001,34.380001,18533200
7/15/2020,35.119999,35.799999,34.619999,35.669998,35.669998,16579900
7/16/2020,34.130001,35.580002,34,35.279999,35.279999,24353300
7/17/2020,35.310001,36,34.73,35.810001,35.810001,18564800
7/20/2020,35.799999,37.169998,35.799999,37.060001,37.060001,16867000
7/21/2020,37.790001,38.5,37,37.009998,37.009998,19264300
7/22/2020,36.970001,37.419998,36.25,36.939999,36.939999,18185200
7/23/2020,37.650002,40.259998,37.5,38.439999,38.439999,90266700
7/24/2020,38.279999,38.540001,37.139999,37.540001,37.540001,23068300
7/27/2020,37.580002,37.59,36.09,36.849998,36.849998,22911300
7/28/2020,36.450001,37.32,36.41,36.610001,36.610001,13566800
7/29/2020,36.970001,37.25,36.73,37.16,37.16,10675600
7/30/2020,36.73,37.099998,36.380001,36.720001,36.720001,9997400
7/31/2020,37.330002,37.330002,35.970001,36.400002,36.400002,18624600
8/3/2020,36.41,36.889999,35.900002,36.389999,36.389999,15488000
8/4/2020,35.919998,36.610001,35.650002,36.349998,36.349998,10596700
8/5/2020,36.560001,37.34,36.41,36.790001,36.790001,10024000
8/6/2020,36.849998,37.810001,36.490002,37.689999,37.689999,10478900
8/7/2020,37.419998,38.029999,36.73,37.139999,37.139999,11341100
8/10/2020,38.360001,39.169998,37.310001,37.439999,37.439999,29298400
8/11/2020,37.59,39,36.709999,37.279999,37.279999,20486000
8/12/2020,37.5,38,36.82,37.439999,37.439999,11009500
8/13/2020,37.43,38.27,37.369999,37.82,37.82,13259400
8/14/2020,37.740002,37.959999,37.279999,37.900002,37.900002,10377300
8/17/2020,37.950001,38.09,37.27,37.970001,37.970001,10188500
8/18/2020,38.279999,38.459999,37.740002,38.009998,38.009998,8572500
8/19/2020,38.09,39.52,38.060001,38.889999,38.889999,17077200
8/20/2020,38.619999,39,38.299999,38.959999,38.959999,7745400
8/21/2020,38.990002,39.389999,38.700001,39.259998,39.259998,9758600
8/24/2020,39.68,40.799999,39.639999,40.490002,40.490002,20496600
8/25/2020,40.439999,40.700001,39.32,40.549999,40.549999,12470500
8/26/2020,40.549999,41.330002,40,41.080002,41.080002,12532500
8/27/2020,40.970001,41.25,40.07,40.389999,40.389999,13055000
8/28/2020,40.5,41.169998,40.419998,41.07,41.07,8024400
8/31/2020,40.990002,41.07,40.57,40.580002,40.580002,7468300
9/1/2020,40.610001,41.25,40.139999,41.150002,41.150002,10468000
9/2/2020,41.52,44.09,41.360001,43.669998,43.669998,26800000
9/3/2020,42.740002,43,40.959999,41.630001,41.630001,18760800
9/4/2020,41.200001,41.490002,38.43,39.869999,39.869999,17825000
9/8/2020,38.52,39.18,38.099998,38.189999,38.189999,16117300
9/9/2020,38.849998,39.810001,38.330002,39.560001,39.560001,10744000
9/10/2020,39.790001,40.400002,38.82,38.950001,38.950001,10412300
9/11/2020,39.240002,39.490002,38.509998,38.93,38.93,9885500
9/14/2020,39.41,39.59,38.549999,38.77,38.77,9418400
9/15/2020,39.189999,39.299999,38.23,39.09,39.09,14105000
9/16/2020,39.389999,40.900002,39.189999,39.599998,39.599998,18883300
9/17/2020,38.849998,39.529999,38.599998,39.349998,39.349998,12753000
9/18/2020,39.360001,40.240002,38.93,40.150002,40.150002,19493000
9/21/2020,39.43,40.200001,39.220001,39.900002,39.900002,13790000
9/22/2020,40.369999,42.830002,40.27,42.73,42.73,22379000
9/23/2020,43.880001,46.82,43.700001,45.330002,45.330002,64803800
9/24/2020,44.689999,45.07,42.66,43.139999,43.139999,27772800
9/25/2020,43.209999,44.02,42.59,43.84,43.84,15456600
9/28/2020,44.400002,44.419998,43.610001,44.150002,44.150002,11672200
9/29/2020,44.349998,45.509998,44.290001,44.740002,44.740002,13585100
9/30/2020,44.619999,45.09,43.950001,44.5,44.5,12923400
10/1/2020,45.07,46.720001,44.98,46.700001,46.700001,18687000
10/2/2020,45.540001,46.889999,45.43,46.119999,46.119999,13496800
10/5/2020,46.459999,47.5,46.119999,47.310001,47.310001,11202400
10/6/2020,47.27,47.869999,45.029999,45.599998,45.599998,15666600
10/7/2020,46.07,46.400002,45.740002,45.869999,45.869999,19407700
10/8/2020,46.439999,46.619999,45.779999,46.009998,46.009998,11355500
10/9/2020,46.400002,46.41,45.66,45.900002,45.900002,8285400
10/12/2020,47.610001,48.650002,47.41,48.25,48.25,24162400
10/13/2020,48.279999,48.32,46.990002,47,47,9805900
10/14/2020,47.490002,47.700001,45.619999,45.98,45.98,14449000
10/15/2020,45.060001,46.09,44.299999,46.029999,46.029999,19823800
10/16/2020,46.360001,46.450001,45.049999,45.810001,45.810001,13005300
10/19/2020,46.049999,46.299999,45.240002,45.82,45.82,9870700
10/20/2020,45.549999,46.779999,45.459999,46.349998,46.349998,9508400
10/21/2020,48.970001,50.529999,48.849998,50.240002,50.240002,30719700
10/22/2020,50,50.34,48.110001,50.279999,50.279999,18289000
10/23/2020,50.200001,50.5,48.939999,50.439999,50.439999,14897700
10/26/2020,50,50.650002,48.400002,49,49,22804000
10/27/2020,49.5,51.509998,49.139999,51.27,51.27,19306200
10/28/2020,49.599998,50,48.25,48.529999,48.529999,20168100
10/29/2020,51.950001,52.93,50.57,52.43,52.43,55935600
10/30/2020,44.529999,45.18,40.830002,41.360001,41.360001,86346700
11/2/2020,41.150002,41.599998,38.93,39.470001,39.470001,47323500
11/3/2020,40.029999,42.119999,40.029999,41.73,41.73,33813100
11/4/2020,42.23,42.93,40.810001,42.759998,42.759998,34717000
11/5/2020,43.509998,44.040001,42.48,43.709999,43.709999,19693600
11/6/2020,43.509998,44.189999,42.82,43.119999,43.119999,17096900
11/9/2020,43.959999,45.18,43.110001,43.189999,43.189999,21244700
11/10/2020,43.360001,43.970001,41.610001,42.41,42.41,14129200
11/11/2020,42.970001,43.73,42.860001,43.630001,43.630001,11060800
11/12/2020,43.299999,44.150002,42.68,42.810001,42.810001,9104100
11/13/2020,43.25,43.529999,42.419998,43.48,43.48,8112900
11/16/2020,43.5,43.639999,42.43,42.73,42.73,14275400
11/17/2020,42.360001,43.43,42.360001,42.849998,42.849998,11288800
11/18/2020,42.939999,44.290001,42.799999,43.330002,43.330002,9988700
11/19/2020,43.119999,43.869999,42.799999,43.619999,43.619999,13874000
11/20/2020,43.799999,45.32,43.450001,44.68,44.68,17045500
11/23/2020,44.900002,45.57,44.18,44.939999,44.939999,10392100
11/24/2020,45.130001,45.439999,44.459999,45.23,45.23,9053900
11/25/2020,44.970001,46.849998,44.849998,46.43,46.43,15076600
11/27/2020,46.560001,47.009998,46.200001,46.59,46.59,5133300
11/30/2020,46.52,46.82,44.939999,46.509998,46.509998,9968800
12/1/2020,46.759998,47.27,45.810001,46.669998,46.669998,9080300
12/2/2020,46.360001,47.939999,45.93,47.23,47.23,10284000
12/3/2020,47.169998,48.150002,47.029999,47.790001,47.790001,7136000
12/4/2020,47.75,48.34,47.669998,47.73,47.73,6275300
12/7/2020,47.549999,48.34,47.07,47.900002,47.900002,7746200
12/8/2020,47.790001,48.099998,46.900002,47.43,47.43,7454900
12/9/2020,47.48,48.740002,46.919998,47.23,47.23,9244800
12/10/2020,46.700001,51.740002,46.540001,51.209999,51.209999,24147200
12/11/2020,50.619999,52.450001,49.970001,51.439999,51.439999,18020200
12/14/2020,51.970001,53.48,51.799999,52.02,52.02,17418200
12/15/2020,52.02,52.959999,51.610001,52.82,52.82,10868700
12/16/2020,54.77,56.110001,53.639999,54.029999,54.029999,29099400
12/17/2020,54.57,55.169998,53.939999,54.630001,54.630001,11739900
12/18/2020,54.93,56.080002,54.27,55.869999,55.869999,20450300
12/21/2020,54.5,55.68,53.580002,54.639999,54.639999,10349400
12/22/2020,55,55.68,54.369999,54.91,54.91,9259200
12/23/2020,55.34,55.450001,54.23,54.299999,54.299999,6008600
12/24/2020,54.52,55.189999,53.860001,53.970001,53.970001,3661100
12/28/2020,55,55.18,53.93,54.43,54.43,6829600
12/29/2020,54.509998,55.400002,53.549999,54.360001,54.360001,6644800
12/30/2020,54.689999,54.91,54.139999,54.330002,54.330002,5329500
12/31/2020,54.240002,54.310001,53.740002,54.150002,54.150002,4832300
1/4/2021,54.490002,55.490002,53.580002,54.529999,54.529999,12231600
1/5/2021,53.41,54.5,53.150002,53.880001,53.880001,8317200
1/6/2021,53.27,54.52,52.57,53.259998,53.259998,9260000
1/7/2021,52.220001,53.380001,51.459999,52.330002,52.330002,18967600
1/8/2021,52.5,52.700001,50.189999,51.48,51.48,16955400
1/11/2021,47.09,49.490002,45.150002,48.18,48.18,61647600
1/12/2021,48.549999,49.130001,46.560001,47.040001,47.040001,26255100
1/13/2021,48.09,48.389999,47.02,47.220001,47.220001,19097200
1/14/2021,47.66,47.66,45.43,45.790001,45.790001,29748700
1/15/2021,46.099998,46.200001,45.080002,45.18,45.18,25937300
1/19/2021,45.59,46.169998,44.400002,45.93,45.93,19476300
1/20/2021,46.23,47.919998,46.18,47.599998,47.599998,21432900
1/21/2021,47.73,48.02,46.5,47.119999,47.119999,15457900
1/22/2021,46.900002,48.18,46.799999,48.060001,48.060001,13564400
1/25/2021,48.439999,48.950001,47,47.84,47.84,13642300
1/26/2021,48.130001,52.189999,48.02,49.669998,49.669998,29448500
1/27/2021,50.639999,50.849998,47.98,48.189999,48.189999,22427000
1/28/2021,49.490002,52.25,49.27,51.57,51.57,19974000
1/29/2021,51.02,52.990002,49.880001,50.529999,50.529999,17321500
2/1/2021,51.200001,52.75,51.07,52.66,52.66,13820700
2/2/2021,52.869999,54.869999,52.709999,54,54,13977000
2/3/2021,54.560001,55.189999,53.700001,54.580002,54.580002,16816300
2/4/2021,54.790001,56.52,54.439999,56.509998,56.509998,10999300
2/5/2021,56.02,57.439999,55.029999,56.779999,56.779999,16889700
2/8/2021,57.799999,59.599998,57.380001,58.200001,58.200001,18285200
2/9/2021,58.639999,60.73,58.549999,59.869999,59.869999,38253800
2/10/2021,65.800003,69.25,63.200001,67.769997,67.769997,73649200
2/11/2021,67.989998,69.019997,66.580002,68.559998,68.559998,30470000
2/12/2021,68.559998,73.18,68.400002,71.900002,71.900002,38044200
2/16/2021,72.190002,74.839996,71.809998,73.959999,73.959999,27748000
2/17/2021,73.050003,73.279999,70.129997,71.790001,71.790001,21422600
2/18/2021,70.739998,72.900002,70.360001,72.260002,72.260002,16072100
2/19/2021,72.970001,74.959999,71.879997,72.279999,72.279999,25911000
2/22/2021,71.730003,73.75,70.419998,70.489998,70.489998,21049600
2/23/2021,68.449997,74.330002,66.190002,73.169998,73.169998,32669500
2/24/2021,73.099998,73.949997,71.709999,71.919998,71.919998,18309900
2/25/2021,78.150002,80.75,73.889999,74.589996,74.589996,63625700
2/26/2021,76.870003,79.080002,75,77.059998,77.059998,35323500
3/1/2021,78.360001,78.730003,76.050003,77.629997,77.629997,24359200
3/2/2021,76.610001,77.099998,73.559998,73.669998,73.669998,20517000
3/3/2021,74.010002,74.5,70.660004,70.860001,70.860001,19379400
3/4/2021,70.610001,71.779999,66.019997,66.75,66.75,22538600
3/5/2021,67.669998,67.790001,61.52,66.949997,66.949997,22346200
3/8/2021,67.400002,68.639999,63.419998,63.48,63.48,21722000
3/9/2021,65.720001,68.209999,64.599998,67.519997,67.519997,22603900
3/10/2021,69.459999,69.459999,64.589996,64.830002,64.830002,22464200
3/11/2021,66.370003,68.739998,65.830002,68.459999,68.459999,14722200
3/12/2021,67.720001,68.82,66.639999,68.099998,68.099998,15414000
3/15/2021,68.239998,70.489998,67.18,70.279999,70.279999,15467200
3/16/2021,71.07,71.860001,68.57,69.25,69.25,13216100
3/17/2021,68.32,70.82,66.959999,70.199997,70.199997,15681600
3/18/2021,69.209999,69.900002,66.68,66.720001,66.720001,15835600
3/19/2021,67.110001,67.110001,65.769997,66.230003,66.230003,20721600
3/22/2021,66.889999,66.889999,64.349998,65.209999,65.209999,24123800
3/23/2021,65.150002,65.629997,64.110001,64.269997,64.269997,17788600
3/24/2021,64.949997,64.949997,62.049999,62.060001,62.060001,15475500
3/25/2021,60.200001,62.009998,59.57,61.200001,61.200001,19197200
3/26/2021,61.52,61.869999,59.279999,61.259998,61.259998,15582600
3/29/2021,62,64.959999,61.709999,62.939999,62.939999,22034500
3/30/2021,62.299999,64.099998,61.900002,62.990002,62.990002,12533300
3/31/2021,63.98,64.980003,63.27,63.630001,63.630001,14479800
4/1/2021,64.68,66.360001,63.639999,63.830002,63.830002,15261000
4/5/2021,64.139999,64.339996,61.810001,64.239998,64.239998,15502100
4/6/2021,64.669998,67.650002,64.300003,67,67,15587900
4/7/2021,66.639999,69.970001,66.080002,68.989998,68.989998,23964600
4/8/2021,69.910004,71.449997,69.279999,71.220001,71.220001,16843400
4/9/2021,70.349998,71.449997,69.910004,71.190002,71.190002,15659500
4/12/2021,70.870003,71.839996,69.650002,70.860001,70.860001,9495200
4/13/2021,71.720001,72.779999,70.730003,72.449997,72.449997,9991700
4/14/2021,72.510002,73.220001,69.5,69.739998,69.739998,12931200
4/15/2021,70.550003,71.879997,70.169998,71.709999,71.709999,11108300
4/16/2021,71.970001,72.199997,69.68,70.120003,70.120003,9429900
4/19/2021,69.620003,69.919998,66.769997,67.940002,67.940002,18198600
4/20/2021,68.010002,68.099998,65.220001,65.699997,65.699997,14171200
4/21/2021,65.730003,67.360001,64.699997,67.330002,67.330002,11817300
4/22/2021,67.419998,67.5,64.080002,64.309998,64.309998,16804100
4/23/2021,65.720001,67.129997,65.43,67.019997,67.019997,12407700
4/26/2021,66.489998,67.25,65.849998,66.720001,66.720001,11769800
4/27/2021,67.139999,68.360001,66,66.010002,66.010002,10827000
4/28/2021,65.550003,66.559998,63.740002,65.699997,65.699997,13340300
4/29/2021,67.010002,67.050003,63.990002,65.089996,65.089996,31017700
4/30/2021,56,57.630001,55.049999,55.220001,55.220001,88378800
5/3/2021,55.52,55.549999,52.669998,54.580002,54.580002,79649000
5/4/2021,55.07,55.720001,53.16,54.400002,54.400002,30404500
5/5/2021,54.950001,54.970001,53.32,53.560001,53.560001,19111100
5/6/2021,53.48,53.84,52.34,53.810001,53.810001,19586900
5/7/2021,54.77,54.919998,53.369999,53.790001,53.790001,21748600
5/10/2021,53.009998,53.080002,51.619999,51.810001,51.810001,17362300
5/11/2021,49.52,53.189999,49.200001,52.880001,52.880001,16749900
5/12/2021,51.869999,52.380001,50.060001,50.700001,50.700001,17223200
5/13/2021,51.68,51.77,49.119999,50.110001,50.110001,14303900
5/14/2021,50.610001,51.919998,50.189999,51.73,51.73,9836800
5/17/2021,52.23,52.73,51.279999,52.599998,52.599998,21351700
5/18/2021,52.599998,55.150002,52.419998,53.189999,53.189999,23612300
5/19/2021,52.189999,53.16,51.669998,52.919998,52.919998,21551300
5/20/2021,53.23,54.91,53.220001,54.709999,54.709999,12612700
5/21/2021,55,55,53.939999,54.450001,54.450001,12583400
5/24/2021,54.900002,57.330002,54.66,57.060001,57.060001,25656400
5/25/2021,57.349998,57.639999,56.540001,57,57,13488900
5/26/2021,57.369999,58.610001,57.310001,57.849998,57.849998,15984400
5/27/2021,57.639999,58.299999,57.029999,58.080002,58.080002,9113900
5/28/2021,58.200001,58.560001,57.830002,58,58,8752700
6/1/2021,58.200001,58.200001,56.27,57.439999,57.439999,13122700
6/2/2021,57.279999,57.639999,56.32,57.16,57.16,9472900
6/3/2021,56.959999,58.669998,55.830002,57.009998,57.009998,21985700
6/4/2021,57.41,59.299999,57.32,59,59,12256100
6/7/2021,58.619999,59.830002,57.720001,59.630001,59.630001,10538600
6/8/2021,59.790001,60.09,57.82,58.810001,58.810001,12772900
6/9/2021,59.59,61.049999,59.41,59.709999,59.709999,16163600
6/10/2021,59.799999,60.380001,58.740002,60.299999,60.299999,8717500
6/11/2021,59.950001,60.630001,59.869999,60.5,60.5,6980400
6/14/2021,60.849998,61.549999,60.450001,60.830002,60.830002,9316600
6/15/2021,61.09,61.32,60.189999,60.23,60.23,9579900
6/16/2021,60.119999,61.150002,59.150002,59.93,59.93,9336500
6/17/2021,59.610001,61.619999,59.529999,60.709999,60.709999,10201300
6/18/2021,60.200001,60.970001,59.529999,60.849998,60.849998,13273000
6/21/2021,60.849998,62.09,59.740002,61.959999,61.959999,12027100
6/22/2021,61.919998,64.050003,61.91,63.779999,63.779999,16686200
6/23/2021,63.91,66.769997,63.790001,66.489998,66.489998,18548000
6/24/2021,66.75,68.739998,66.75,68.25,68.25,23144800
6/25/2021,68.290001,68.919998,67.279999,67.93,67.93,13896900
6/28/2021,68.160004,68.629997,67.080002,68.290001,68.290001,11176100
6/29/2021,68.279999,69.379997,67.93,69,69,9526400
6/30/2021,68.760002,69.120003,68.25,68.809998,68.809998,9752900
7/1/2021,68.57,70,67.370003,68.110001,68.110001,9978800
7/2/2021,68.709999,69.290001,68.43,69.199997,69.199997,8095600
7/6/2021,69.349998,70.93,69.230003,70.209999,70.209999,12317400
7/7/2021,70.629997,70.849998,68.709999,68.760002,68.760002,10609300
7/8/2021,67,67.610001,66.239998,66.830002,66.830002,12782500
7/9/2021,67.07,69.010002,66.980003,68.970001,68.970001,14393700
7/12/2021,69.459999,70.440002,68.800003,69.860001,69.860001,9223600
7/13/2021,69.540001,70.870003,69.260002,69.599998,69.599998,9992700
7/14/2021,70.419998,72.07,70.089996,70.269997,70.269997,21555900
7/15/2021,70.099998,70.160004,67.410004,68.07,68.07,14933800
7/16/2021,68.559998,69.279999,66.139999,66.410004,66.410004,14271100
7/19/2021,65.239998,66.730003,64.650002,66.019997,66.019997,15830100
7/20/2021,66.25,68.540001,65.82,67.940002,67.940002,11583900
7/21/2021,67.589996,69.769997,67.550003,69.540001,69.540001,10082900
7/22/2021,68.639999,70.129997,68.510002,69.57,69.57,24130400
7/23/2021,72.199997,73.339996,69.879997,71.690002,71.690002,44275800
7/26/2021,71.25,71.25,67.470001,68.690002,68.690002,29185100
7/27/2021,68.32,69.480003,66.860001,68.330002,68.330002,16988300
7/28/2021,68.389999,71.919998,67.760002,69.959999,69.959999,23203600
7/29/2021,69.5,71.589996,69.5,70.370003,70.370003,11630000
7/30/2021,69.830002,71.129997,69.5,69.75,69.75,13220500
8/2/2021,70.230003,70.440002,68.660004,69.129997,69.129997,12040800
8/3/2021,69.870003,70.959999,68.080002,68.629997,68.629997,9221400
8/4/2021,68.68,69.080002,67.910004,68.699997,68.699997,7578400
8/5/2021,68.849998,69.449997,68.080002,69.279999,69.279999,8634600
8/6/2021,69.300003,69.809998,66.879997,67.370003,67.370003,11458100
8/9/2021,67.5,67.519997,66.449997,67.010002,67.010002,7938300
8/10/2021,67.199997,67.370003,65.57,65.68,65.68,8995700
8/11/2021,65.790001,66.330002,64.629997,65.459999,65.459999,8630500
8/12/2021,64.809998,65.279999,64.059998,64.949997,64.949997,7959300
8/13/2021,64.989998,65.769997,64.610001,64.82,64.82,6084000
8/16/2021,64.339996,64.940002,62.810001,63.779999,63.779999,11987300
8/17/2021,63.34,63.84,62.360001,62.880001,62.880001,6950300
8/18/2021,62.849998,63.310001,62.07,62.119999,62.119999,6891000
8/19/2021,61.59,63.189999,61.5,62.049999,62.049999,8508100
8/20/2021,62.130001,63.169998,61.990002,62.52,62.52,8596300
8/23/2021,63.200001,64.559998,63.060001,64.129997,64.129997,9962400
8/24/2021,64.839996,65.059998,63.919998,63.98,63.98,6133900
8/25/2021,63.950001,64.309998,63.200001,64.169998,64.169998,5470200
8/26/2021,63.959999,64.25,62.529999,62.610001,62.610001,6379500
8/27/2021,62.720001,63.720001,62.490002,63.43,63.43,6332600
8/30/2021,63.700001,65.050003,63.450001,64.699997,64.699997,8071900
8/31/2021,64.519997,65.150002,64.160004,64.5,64.5,9157900
9/1/2021,64.650002,66.720001,64.650002,65.550003,65.550003,15284300
9/2/2021,65.970001,66.050003,64.410004,64.599998,64.599998,8589700
9/3/2021,64.43,65.089996,63.849998,64.660004,64.660004,5060100
9/7/2021,64.709999,65.129997,64.150002,64.980003,64.980003,7149400
9/8/2021,64.940002,65.360001,62.080002,62.27,62.27,11767200
9/9/2021,62.360001,63.18,62.240002,62.459999,62.459999,8168900
9/10/2021,62.950001,63.369999,61.470001,61.560001,61.560001,7032100
9/13/2021,61.299999,61.41,58.450001,59.66,59.66,16851600
9/14/2021,60.07,60.700001,59.490002,60.189999,60.189999,8240100
9/15/2021,60.099998,61.91,59.639999,61.84,61.84,13074500
9/16/2021,61.529999,62.610001,60.93,62.290001,62.290001,9918700
9/17/2021,62.099998,62.98,61.650002,62.470001,62.470001,9810600
9/20/2021,61.150002,61.32,59.84,60.950001,60.950001,12194300
9/21/2021,61.509998,63.299999,61.509998,62.779999,62.779999,10400300
9/22/2021,62.049999,64.629997,61.259998,64.25,64.25,13052300
9/23/2021,64.790001,66.93,64.040001,66.690002,66.690002,15123500
9/24/2021,66.089996,67.449997,65.459999,67.220001,67.220001,11035700
9/27/2021,66.610001,67.089996,65.220001,65.370003,65.370003,11264900
9/28/2021,64.360001,64.540001,62.16,62.450001,62.450001,9866600
9/29/2021,62.939999,63.360001,60.009998,60.07,60.07,9256100
9/30/2021,60.380001,61.23,59.860001,60.389999,60.389999,9372600
10/1/2021,60.810001,62.139999,60.560001,61.98,61.98,9728400
10/4/2021,61.040001,61.16,57.639999,58.389999,58.389999,17381300
10/5/2021,59.209999,60.669998,58.82,59.860001,59.860001,12006500
10/6/2021,58.950001,61.709999,58.790001,61.290001,61.290001,10648100
10/7/2021,62.200001,64.360001,62.150002,63.970001,63.970001,15010400
10/8/2021,64.25,64.339996,63.310001,63.68,63.68,8098800
10/11/2021,62.990002,63.509998,62.07,62.099998,62.099998,9020400
10/12/2021,61.68,62.799999,60.790001,61.450001,61.450001,9952100
10/13/2021,61.959999,62.740002,61.509998,62.200001,62.200001,9423500
10/14/2021,63.009998,63.779999,62.75,63.169998,63.169998,6807900
10/15/2021,63.240002,63.43,62.290001,62.77,62.77,6693600
10/18/2021,62.689999,65.07,62.669998,64.839996,64.839996,10359500
10/19/2021,65.139999,67.360001,64.300003,66.110001,66.110001,11486900
10/20/2021,66.360001,68.410004,65.540001,65.800003,65.800003,15938400
10/21/2021,65.669998,65.980003,64.730003,65.400002,65.400002,10918500
10/22/2021,63.810001,64.470001,62.09,62.240002,62.240002,17636400
10/25/2021,61.52,62.669998,60.450001,62.110001,62.110001,15874500
10/26/2021,62.66,63.080002,60.939999,61.43,61.43,22676100
10/27/2021,60.049999,60.16,54.790001,54.810001,54.810001,48107700
10/28/2021,55.080002,55.639999,53.889999,54.290001,54.290001,22508400
10/29/2021,54.009998,54.48,53.150002,53.540001,53.540001,14832400
11/1/2021,53.560001,55.330002,53.41,55.110001,55.110001,14747000
11/2/2021,55.040001,55.080002,53.779999,53.990002,53.990002,11571400
11/3/2021,53.68,54.549999,53.099998,54.529999,54.529999,9774200
11/4/2021,54.580002,54.84,53.18,53.68,53.68,11284700
11/5/2021,54.110001,54.18,52.810001,53.150002,53.150002,13273800
11/8/2021,53.450001,54.32,53.16,54.080002,54.080002,10565500
11/9/2021,54.110001,54.93,53.16,53.700001,53.700001,11230100
11/10/2021,53.25,53.98,51.75,52.330002,52.330002,18858400
11/11/2021,52.59,52.84,51.84,51.98,51.98,13972100
11/12/2021,52.299999,52.810001,51.919998,52.25,52.25,13287600
11/15/2021,52.41,53.91,52.41,52.950001,52.950001,21965600
11/16/2021,52.860001,53,51.880001,52.110001,52.110001,10743600
11/17/2021,52.029999,52.139999,50.580002,50.610001,50.610001,16968800
11/18/2021,50.650002,50.830002,48.459999,48.599998,48.599998,22373500
11/19/2021,49.119999,50.369999,48.400002,48.400002,48.400002,26162400
11/22/2021,48.509998,48.549999,46.52,47.310001,47.310001,26620100
11/23/2021,47.200001,47.459999,45.98,47.139999,47.139999,19663700
11/24/2021,46.66,47.639999,46.16,47.52,47.52,9979500
11/26/2021,46.639999,47.349998,46.23,47.07,47.07,7861300
11/29/2021,51.880001,52.27,45.619999,45.779999,45.779999,71686600
11/30/2021,45.509998,45.849998,43,43.939999,43.939999,36213400
12/1/2021,44.91,46.5,42.799999,42.82,42.82,34082600
12/2/2021,43.060001,43.16,41.75,42.650002,42.650002,24374800
12/3/2021,42.82,43.099998,41.009998,42.07,42.07,26133700
12/6/2021,42.110001,44.720001,41.75,44.470001,44.470001,26228700
12/7/2021,45.07,46.34,44.32,44.459999,44.459999,21200500
12/8/2021,44.599998,46.200001,44.34,45.720001,45.720001,18408200
12/9/2021,47.209999,48.220001,46.41,46.459999,46.459999,26145200
12/10/2021,46.599998,46.599998,44.970001,45.560001,45.560001,14060600
12/13/2021,45.549999,45.900002,43.779999,44.599998,44.599998,11710300
12/14/2021,44.040001,44.689999,43.700001,44.349998,44.349998,11205400
12/15/2021,44,44.240002,42.740002,44.07,44.07,14962100
12/16/2021,44.43,45.029999,42.720001,43.130001,43.130001,13052600
12/17/2021,42.700001,44.029999,41.630001,43.07,43.07,29138000
12/20/2021,42.369999,43.27,41.790001,42.98,42.98,12319500
12/21/2021,43.23,44.450001,42.73,44.360001,44.360001,9537400
12/22/2021,44.049999,44.560001,43.630001,43.900002,43.900002,10134800
12/23/2021,44,44.529999,43,44.16,44.16,8977600
12/27/2021,44.209999,44.919998,44.130001,44.330002,44.330002,8589700
12/28/2021,44.209999,44.779999,43.23,43.43,43.43,8831000
12/29/2021,43.169998,43.549999,42.560001,42.759998,42.759998,8732900
12/30/2021,42.77,45.09,42.630001,44.459999,44.459999,14541100
12/31/2021,44.34,44.759998,43.18,43.220001,43.220001,9829600
1/3/2022,43.5,43.689999,42.48,42.66,42.66,14431900
1/4/2022,42.849998,42.970001,40.360001,40.849998,40.849998,21422400
1/5/2022,40.799999,41.880001,39.450001,39.5,39.5,22008600
1/6/2022,39.5,40.439999,38.689999,39.59,39.59,16613400
1/7/2022,39.650002,40.689999,39.32,39.669998,39.669998,14669900
1/10/2022,39.330002,40.029999,38.220001,39.970001,39.970001,14997300
1/11/2022,39.790001,40.939999,39.599998,40.66,40.66,13815400
1/12/2022,40.880001,41.48,39.77,40.25,40.25,10439000
1/13/2022,40.150002,40.34,38.610001,38.700001,38.700001,15075600
1/14/2022,38.43,39.049999,37.509998,38.439999,38.439999,14849800
1/18/2022,37.720001,38.200001,37.130001,37.299999,37.299999,14896800
1/19/2022,37.130001,38.279999,37.009998,37.349998,37.349998,19798000
1/20/2022,37.84,39.029999,37.200001,37.279999,37.279999,17688900
1/21/2022,36.900002,37.080002,34.799999,34.82,34.82,25674100
1/24/2022,33.700001,35.139999,32.049999,35.060001,35.060001,31916600
1/25/2022,34.220001,34.990002,33.619999,34.169998,34.169998,19205800
1/26/2022,34.970001,35.43,33.27,33.619999,33.619999,21377900
1/27/2022,34.139999,35.139999,33.810001,33.84,33.84,16637300
1/28/2022,33.790001,35.299999,33.599998,35.27,35.27,14368700
1/31/2022,35.43,37.560001,35.34,37.509998,37.509998,17558300
2/1/2022,37.84,38.169998,36.869999,38.119999,38.119999,14628200
2/2/2022,38.290001,38.290001,36.25,36.509998,36.509998,18993000
2/3/2022,33.84,35.18,33.84,34.48,34.48,32803400
2/4/2022,35.66,37.439999,34.759998,36.939999,36.939999,23579600
2/7/2022,36.720001,37.330002,35.900002,36.040001,36.040001,22770500
2/8/2022,35.52,36.27,35.150002,35.98,35.98,17194900
2/9/2022,36.5,37.919998,36.139999,37.830002,37.830002,24473500
2/10/2022,36.560001,39.099998,36.220001,37.080002,37.080002,48150300
2/11/2022,37.419998,37.759998,35.66,35.84,35.84,23516800
2/14/2022,35.619999,36.610001,35.5,35.689999,35.689999,15212600
2/15/2022,36.23,37,36.060001,36.98,36.98,21350400
2/16/2022,35.970001,36.279999,35.52,36.240002,36.240002,17602400
2/17/2022,35.990002,36.610001,35.32,35.43,35.43,16524400
2/18/2022,35.490002,35.66,34.099998,34.32,34.32,15339000
2/22/2022,33.66,33.93,32.75,32.93,32.93,16913100
2/23/2022,33.25,33.459999,32.419998,32.759998,32.759998,15102100
2/24/2022,31.299999,35.07,31.299999,34.98,34.98,22551000
2/25/2022,35.119999,35.299999,34.130001,35.290001,35.290001,15394900
2/28/2022,34.950001,36.049999,34.849998,35.549999,35.549999,17962000
3/1/2022,35.509998,36.130001,34.709999,35.560001,35.560001,17948000
3/2/2022,35.77,35.77,34.130001,34.619999,34.619999,18255100
3/3/2022,34.900002,35.18,33.450001,33.490002,33.490002,18792000
3/4/2022,33.75,34.23,32.950001,33.389999,33.389999,17504000
3/7/2022,33.509998,33.880001,32.400002,32.419998,32.419998,18780200
3/8/2022,32.27,33.830002,31.950001,32.68,32.68,17410600
3/9/2022,33.549999,34.529999,33.299999,34.369999,34.369999,16886000
3/10/2022,33.630001,34.439999,33.369999,34.119999,34.119999,12583300
3/11/2022,34.040001,34.110001,32.880001,33,33,15751900
3/14/2022,32.689999,33.950001,32.48,33.029999,33.029999,17551500
3/15/2022,33.119999,34.52,33,33.970001,33.970001,14678000
3/16/2022,34.900002,35.650002,34.32,35.369999,35.369999,25197000
3/17/2022,35.209999,37.709999,34.889999,37.299999,37.299999,30853100
3/18/2022,37.459999,39.049999,37.18,37.77,37.77,35946300
3/21/2022,37.700001,37.889999,36.639999,37.439999,37.439999,20298700
3/22/2022,37.639999,39.049999,37.619999,38.43,38.43,17162100
3/23/2022,38,38.75,37.580002,38,38,12993600
3/24/2022,38.330002,39.09,38.23,38.82,38.82,18281400
3/25/2022,38.990002,39.470001,37.689999,38.599998,38.599998,20787500
3/28/2022,38.439999,39.299999,38.299999,39.119999,39.119999,14225600
3/29/2022,39.48,40.959999,39.389999,40.689999,40.689999,17855400
3/30/2022,40.349998,40.349998,38.57,39,39,15804300
3/31/2022,39.110001,39.23,38.41,38.689999,38.689999,13208300
4/1/2022,39.16,39.849998,39,39.310001,39.310001,12131800
4/4/2022,47.869999,51.369999,46.860001,49.970001,49.970001,268465400
4/5/2022,53.849998,54.57,50.560001,50.98,50.98,217520100
4/6/2022,50.040001,52.869999,49.299999,50.77,50.77,159034700
4/7/2022,50.470001,51.639999,46.549999,48.029999,48.029999,120844100
4/8/2022,47.299999,48.439999,45.830002,46.23,46.23,83315900
4/11/2022,45.75,47.98,44.709999,47.009998,47.009998,117814000
4/12/2022,47.029999,47.549999,44.439999,44.48,44.48,60794000
4/13/2022,44.799999,46.330002,44.549999,45.849998,45.849998,44306700
4/14/2022,48.369999,48.5,44.720001,45.080002,45.080002,258868300
4/18/2022,46.240002,48.73,44.360001,48.450001,48.450001,153119600
4/19/2022,47.299999,48.5,45,46.16,46.16,125776000
4/20/2022,46.34,47.110001,45.029999,46.720001,46.720001,63360000
4/21/2022,45.509998,47.939999,45.5,47.080002,47.080002,70413600
4/22/2022,47.77,49.73,47.490002,48.93,48.93,76504500
4/25/2022,51.02,52.290001,50.240002,51.700001,51.700001,176803600
4/26/2022,51.57,51.619999,49.43,49.68,49.68,115020400
4/27/2022,49.060001,49.259998,47.82,48.639999,48.639999,59106900
4/28/2022,49.009998,49.919998,47.959999,49.110001,49.110001,43816900
4/29/2022,49.450001,50.25,48.740002,49.02,49.02,38250900
5/2/2022,48.700001,49.759998,48.57,49.139999,49.139999,32608100
5/3/2022,49.150002,49.48,48.75,48.869999,48.869999,24773000
5/4/2022,48.799999,49.25,48.34,49.060001,49.060001,28443000
5/5/2022,50.529999,51.209999,49.810001,50.360001,50.360001,60506900
5/6/2022,49.959999,50.290001,49.5,49.799999,49.799999,23446300
5/9/2022,49.299999,49.439999,47.630001,47.959999,47.959999,37706800
5/10/2022,47.91,48.360001,46.5,47.259998,47.259998,23816700
5/11/2022,46.950001,48.150002,45.799999,46.09,46.09,24815100
5/12/2022,45.009998,47.470001,43.330002,45.080002,45.080002,37682200
5/13/2022,40.400002,42,40.009998,40.720001,40.720001,101830400
5/16/2022,39.169998,39.290001,37.32,37.389999,37.389999,52310700
5/17/2022,37,38.869999,36.849998,38.32,38.32,44990300
5/18/2022,37.419998,38.720001,36.580002,36.849998,36.849998,24010300
5/19/2022,36.759998,38.5,36.200001,37.290001,37.290001,32000300
5/20/2022,37.77,38.310001,36.75,38.290001,38.290001,23637900
5/23/2022,37.77,38,36.939999,37.860001,37.860001,13601300
5/24/2022,36.939999,37.200001,35.400002,35.759998,35.759998,22663000
5/25/2022,36.060001,37.369999,36.02,37.16,37.16,23262800
5/26/2022,38.52,39.59,38.23,39.52,39.52,22968400
5/27/2022,39.57,40.77,39.48,40.169998,40.169998,16789900
5/31/2022,40.07,40.349998,39.419998,39.599998,39.599998,11579000
6/1/2022,39.799999,40.259998,39.240002,39.299999,39.299999,11117200
6/2/2022,39.07,40.470001,38.810001,39.91,39.91,11696000
6/3/2022,40.450001,41.040001,39.98,40.16,40.16,18244400
6/6/2022,38.16,39.939999,37.91,39.560001,39.560001,26119600
6/7/2022,39.09,40.240002,38.950001,40.130001,40.130001,15808700
6/8/2022,39.959999,41.290001,39.830002,40.439999,40.439999,15293000
6/9/2022,40.25,40.540001,39.529999,39.529999,39.529999,7970300
6/10/2022,39.52,39.630001,38.889999,38.98,38.98,10527700
6/13/2022,38,38.580002,36.91,37.029999,37.029999,11599800
6/14/2022,37.950001,38.869999,37.189999,37.220001,37.220001,13408100
6/15/2022,37.5,38.509998,37.240002,37.990002,37.990002,14717700
6/16/2022,38.610001,38.709999,36.959999,37.360001,37.360001,20948000
6/17/2022,37.32,38.049999,37.02,37.779999,37.779999,25042100
6/21/2022,38.189999,39.080002,37.66,38.91,38.91,16902200
6/22/2022,38.57,39.34,38.41,38.529999,38.529999,10823800
6/23/2022,38.759998,39.080002,38.25,38.68,38.68,6327600
6/24/2022,39.009998,39.919998,38.869999,39.41,39.41,18084800
6/27/2022,39.669998,39.880001,38.900002,39.189999,39.189999,7147800
6/28/2022,39.209999,39.709999,38.650002,38.790001,38.790001,6055100
6/29/2022,38.759998,38.779999,37.639999,37.799999,37.799999,7178600
6/30/2022,37.529999,38.02,36.990002,37.389999,37.389999,7133100
7/1/2022,37.380001,38.240002,37.080002,38.23,38.23,6298000
7/5/2022,38.18,38.639999,37.25,38.380001,38.380001,8155700
7/6/2022,38.209999,38.450001,37.740002,38.209999,38.209999,4870300
7/7/2022,38.32,39.509998,38.32,38.790001,38.790001,13214900
7/8/2022,37.509998,37.549999,36.799999,36.810001,36.810001,26156700
7/11/2022,34.599998,34.900002,32.549999,32.650002,32.650002,67071300
7/12/2022,32.759998,34.389999,32.52,34.060001,34.060001,29539400
7/13/2022,34.950001,37.16,34.799999,36.75,36.75,50267700
